device_codename,brand,Retail Branding,Marketing Name,Device
HM2014817,Xiaomi,Xiaomi,Redmi 2,HM2014817
A1601,OPPO,Oppo,F1s,A1601
1609,vivo,Vivo,V5 Lite (vivo 1609),1609
a5xelte,samsung,Samsung,Galaxy A5 (2016),a5xelte
mlv5,lge,LGE,K10 (2017),mlv5
mint,samsung,Samsung,Galaxy Star S5280,mint
j7elte,samsung,Samsung,Galaxy J7,j7elte
h1,lge,LGE,G5,h1
A37f,OPPO,Oppo,A37,A37f
CPH1605,OPPO,Oppo,A39,CPH1605
land,Xiaomi,Xiaomi,Redmi 3s,land
on7xelte,samsung,Samsung,Galaxy J7 Prime,on7xelte
golden,samsung,Samsung,I8200 Galaxy S III mini VE,golden
j5lte,samsung,Samsung,Galaxy J5,j5lte
grandneove3g,samsung,Samsung,Galaxy Grand Neo,grandneove3g
mido,xiaomi,Xiaomi,Redmi Note 4,mido
1606,vivo,Vivo,Y53,1606
ido,Xiaomi,Xiaomi,Redmi 3,ido
on5xelte,samsung,Samsung,Galaxy J5 Prime,on5xelte
nikel,Xiaomi,Xiaomi,Redmi Note 4,nikel
fortunave3g,samsung,Samsung,Galaxy Tab 3 Lite 7.0,fortunave3g
rolex,Xiaomi,Xiaomi,Redmi 4A,rolex
j3xlte,samsung,Samsung,Galaxy J3 (2016),j3xlte
Z008_1,asus,Asus,Zenfone 2 ZE550ML,Z008_1
ASUS_Z00RD_7,asus,Asus,Zenfone 2 Laser ZE500KG,ASUS_Z00RD_7
kenzo,Xiaomi,Xiaomi,Redmi Note 3,kenzo
R1x,OPPO,Oppo,R1x,R1x
A6020a40,Lenovo,Lenovo,K5,A6020a40
wt88047,Xiaomi,Xiaomi,Redmi 2,wt88047
A1603,OPPO,Realme,C1,A1603
R50A,R50A,Elevate,R50A,R50A
shine_plus,TCL,alcatel,Pop 4S,shine_plus
A16C3H,Smartfren,Smartfren,A16C3H,A16C3H
ferrari,Xiaomi,Xiaomi,Mi 4i,ferrari
j5y17ltedx,samsung,Samsung,Galaxy J5 (2017),j5y17ltedx
XT1663,motorola,Motorola,Moto M,XT1663
CPH1609,OPPO,Oppo,F3,CPH1609
R5,OPPO,Oppo,R5,R5
capricorn,Xiaomi,Xiaomi,Mi 5s,capricorn
hennessy,Xiaomi,Xiaomi,Redmi Note 3,hennessy
A7010a48,Lenovo,Lenovo,Vibe X3 c78,A7010a48
A6020a46,Lenovo,Lenovo,Vibe K5 Plus,A6020a46
a5y17lte,samsung,Samsung,Galaxy A5 (2017),a5y17lte
ASUS_T00F1,asus,Asus,Zenfone 5 A500CG (2014),ASUS_T00F1
ASUS_Z00U_1,asus,Asus,Zenfone Selfie ZD551KL,ASUS_Z00U_1
kate,Xiaomi,Xiaomi,Redmi Note 3,kate
sagit,Xiaomi,Xiaomi,Mi 6,sagit
tissot_sprout,xiaomi,Xiaomi,Mi A1 (Mi 5X),
markw,Xiaomi,Xiaomi,Redmi 4 Prime,markw
CPH1701,OPPO,Oppo,A57,CPH1701
D6653,Sony,Sony,Xperia Z3,D6653
grandprimeve3g,samsung,Samsung,Galaxy Grand Prime,grandprimeve3g
Z00A_1,asus,Asus,Zenfone 2 ZE551ML,Z00A_1
A51,OPPO,Oppo,Neo 5 (2015),A51
A7000plus,Lenovo,Lenovo,A7000 Plus,A7000plus
A3_mini,LAVA,,,
ASUS_Z00E_4,asus,Asus,Zenfone 2 Laser ZE500KL,ASUS_Z00E_4
vivalto3gvn,samsung,Samsung,Galaxy S Duos 3,vivalto3gvn
1601,vivo,Vivo,V5,1601
j3xpro6mltechn,samsung,Samsung,Galaxy J3 Pro,j3xpro6mltechn
hero2lte,samsung,Samsung,Galaxy S7 edge,hero2lte
santoni,Xiaomi,Xiaomi,Redmi 4 (4X),santoni
Y35,vivo,Vivo,Y35,Y35
"iPhone6,1",Apple,Apple,iPhone 5s,"iPhone6,1"
ASUS_X00DD,asus,Asus,Zenfone 3 Max ZC553KL,ASUS_X00DD
k3g,samsung,Samsung,Galaxy S5,k3g
B16C2H,Smartfren,Smartfren,B16C2H,B16C2H
grandpplte,samsung,Samsung,Galaxy J2 Prime,grandpplte
A33,OPPO,Oppo,A33,A33
tiffany,xiaomi,Xiaomi,Mi A1 (Mi 5X),tiffany
zerolte,samsung,Samsung,Galaxy S6 edge,zerolte
1718,vivo,Vivo,V7,1718
hydrogen,Xiaomi,Xiaomi,Mi Max,hydrogen
K53a48,Lenovo,Lenovo,K6 Note,K53a48
ZTE-V9820,ZTE,ZTE,V9820,ZTE-V9820
hermes,Xiaomi,Xiaomi,Redmi Note 2,hermes
B26D2H,Smartfren,Smartfren,Andromax L B26D2H,B26D2H
j2lte,samsung,Samsung,Galaxy J2,j2lte
SO-02F,docomo,Sony,Xperia Z1 Compact,SO-02F
A6010,Lenovo,Lenovo,A6010,A6010
ugglite,xiaomi,Xiaomi,Redmi Y1 (Note 5A),ugglite
A65A,EVERCOSS,Evercoss,A65A,A65A
oxygen,Xiaomi,Xiaomi,Mi Max 2,oxygen
lcsh92_wet_jb9,Xiaomi,Xiaomi,Redmi Note 4G,lcsh92_wet_jb9
ASUS_X00AD_2,asus,Asus,Zenfone Go ZB500KL,ASUS_X00AD_2
Che1,Honor,Honor,4X,Che1
ms013g,samsung,Samsung,Galaxy Grand 2,ms013g
P1a42,Lenovo,Lenovo,Vibe P1,P1a42
Infinix-X521,Infinix,Infinix,Hot S,Infinix-X521
prada,Xiaomi,Xiaomi,Redmi 4 (China),prada
X555,Infinix,Infinix,Zero 4,X555
vasta3g,samsung,Samsung,Galaxy Mega 2,vasta3g
ASUS_X00LD_1,asus,Asus,Zenfone 4 Selfie ZD553KL,ASUS_X00LD_1
a33g,samsung,Samsung,Galaxy A3,a33g
sanders_n,motorola,Motorola,Moto G5S Plus,sanders_n
ASUS_Z017D_1,asus,Asus,Zenfone 3 ZE520KL,ASUS_Z017D_1
j7y17lte,samsung,Samsung,Galaxy J7 Pro,j7y17lte
ASUS_Z00VD,asus,Asus,Zenfone Go ZC500TG,ASUS_Z00VD
CPH1723,OPPO,Oppo,F5,CPH1723
Z00A,asus,Asus,Zenfone 2 ZE551ML,Z00A
A6020l36,Lenovo,Lenovo,Vibe K5,A6020l36
hwALE-H,Huawei,Huawei,P8 Lite (2017),hwALE-H
gemini,Xiaomi,Xiaomi,Mi 5,gemini
C2105,Sony,Sony,Xperia L,C2105
libra,Xiaomi,Xiaomi,Mi 4c,libra
R2001,OPPO,OPPO,R2001 Yoyo,R2001
ASUS_X008,asus,Asus,Zenfone 3 Max ZC520TL,ASUS_X008
herolte,samsung,Samsung,Galaxy S7,herolte
zeroflte,samsung,Samsung,Galaxy S6,zeroflte
a3xelte,samsung,Samsung,Galaxy A3 (2016),a3xelte
D2533,Sony,Sony,Xperia C3,D2533
bbc100,blackberry,BlackBerry,Aurora,bbc100
j7xelte,samsung,Samsung,Galaxy J7 (2016),j7xelte
ASUS_X007D,asus,Asus,Zenfone Go ZB552KL,ASUS_X007D
1719,vivo,Vivo,Y65,1719
E5563,Sony,Sony,Xperia C5 Ultra Dual,E5563
HWLUA-U6582,HUAWEI,Huawei,Y3II,HWLUA-U6582
hammerhead,google,LGE,Nexus 5,hammerhead
A33w,OPPO,Oppo,Neo 7,A33w
tre3g,samsung,Samsung,Galaxy Note 4,tre3g
INFINIX-X552,Infinix,Infinix,Zero 3,INFINIX-X552
A859_ROW,Lenovo,Lenovo,A859,A859_ROW
D5503,Sony,Sony,Xperia Z1 Compact,D5503
ASUS_T00F,asus,Asus,Zenfone 5 A500CG (2014),ASUS_T00F
j3ltetw,samsung,Samsung,Galaxy J3 (2016),j3ltetw
ASUS_T00J,asus,Asus,Zenfone 5 A500CG (2014),ASUS_T00J
"iPhone5,4",Apple,Apple,iPhone 5c,"iPhone5,4"
ASUS_Z007,asus,Asus,Zenfone C ZC451CG,ASUS_Z007
1603,vivo,Vivo,Y55L (vivo 1603),1603
POLYTRON_4G501,POLYTRON,,,
e53g,samsung,Samsung,Galaxy E5,e53g
j5xnlte,samsung,Samsung,Galaxy J5 (2016),j5xnlte
ASUS_Z010,asus,Asus,Zenfone Max ZC550KL,ASUS_Z010
X9009,OPPO,Oppo,F1 Plus,X9009
ido_rifle007,Xiaomi,Xiaomi,Redmi 3,
P70-A,Lenovo,Lenovo,P70,P70-A
C6603,Sony,Sony,Xperia Z,C6603
Kraft-A6000,Lenovo,Lenovo,A6000,Kraft-A6000
xiaomi,Xiaomi,,,
dior,Xiaomi,Xiaomi,Redmi Note 4G,dior
C6903,Sony,Sony,Xperia Z1,C6903
P2a42,Lenovo,Lenovo,P2,P2a42
1714,vivo,Vivo,Y69,1714
HWVNS-H,HUAWEI,Huawei,P9 lite,HWVNS-H
1716,vivo,Vivo,V7+,1716
ASUS_T00I,asus,Asus,Zenfone 4 (2014),ASUS_T00I
F1f,OPPO,Oppo,F1,F1f
E561,Coolpad,Coolpad,Fancy E561,E561
CPH1717,OPPO,Oppo,A71,CPH1717
A2010-a,Lenovo,Lenovo,A2010,A2010-a
virgo,Xiaomi,Xiaomi,Mi Note,virgo
CPH1725,OPPO,Oppo,F5 Youth,CPH1725
X602,Infinix,Infinix,Zero 4 Plus,X602
noblelte,samsung,Samsung,Galaxy Note5,noblelte
R7f,OPPO,Oppo,R7 lite,R7f
P1ma40,Lenovo,Lenovo,Vibe P1m,P1ma40
"iPhone7,2",Apple,Apple,iPhone 6,"iPhone7,2"
angus3A4,Lenovo,Lenovo,Vibe C,angus3A4
HWHol-U,HUAWEI,Honor,Holly,HWHol-U
mx4pro,Meizu,Meizu,MX4 Pro,mx4pro
a3y17lte,samsung,Samsung,Galaxy A3 (2017),a3y17lte
S50D,EVERCOSS,,,
ASUS_T00N,asus,Asus,PadFone S,ASUS_T00N
j3y17lte,samsung,Samsung,Galaxy J3 (2017),j3y17lte
jadelte,samsung,Samsung,Galaxy J7 (2017),jadelte
CROSS2,TCL,alcatel,Flash Plus,CROSS2
Y28,vivo,Vivo,Y28,Y28
mlt6755_65t_m,POLYTRON,,,
ADVAN_A8,ADVAN,,,
Z01B_1,asus,Asus,Zenfone 3 Laser ZC551KL,Z01B_1
lt023g,samsung,Samsung,Galaxy Tab 3 7.0,lt023g
ASUS_X008_1,asus,Asus,Zenfone 3 Max ZC520TL,ASUS_X008_1
"iPhone6,2",Apple,Apple,iPhone 5s,"iPhone6,2"
fortuna3g,samsung,Samsung,Galaxy Grand Prime,fortuna3g
F3212,Sony,Sony,Xperia XA Ultra,F3212
dreamlte,samsung,Samsung,Galaxy S8,dreamlte
A6600d40,Lenovo,Lenovo,A6600,A6600d40
"iPhone5,2",Apple,Apple,iPhone 5,"iPhone5,2"
1610,vivo,Vivo,Y55s,1610
p1,lge,LGE,G4,p1
HWCUN-L6735,HUAWEI,Huawei,Y5II,HWCUN-L6735
PLE,Nokia,Nokia,6,
j1acelte,samsung,Samsung,Galaxy J1 Ace,j1acelte
EVERCOSS_S50,EVERCOSS,,,
armani,Xiaomi,Xiaomi,Redmi 1S,armani
ASUS_X00IDC,asus,Asus,Zenfone 4 Max ZC554KL,ASUS_X00IDC
ph1,lge,LGE,Stylus 2,ph1
m2,Meizu,Meizu,M2,m2
cancro,Xiaomi,Xiaomi,Mi 4 LTE,cancro
U50A_PLUS,EVERCOSS,,,
ASUS_Z00E_2,asus,Asus,Zenfone 2 Laser ZE500KL,ASUS_Z00E_2
A369i,Lenovo,Lenovo,A369i,A369i
Infinix-X571,Infinix,Infinix,Note 4 Pro,Infinix-X571
j1acevelte,samsung,Samsung,Galaxy J1 Ace,j1acevelte
j7velte,samsung,Samsung,Galaxy J7 Nxt,j7velte
E5333,Sony,Sony,Xperia C4 Dual,E5333
U20,Meizu,Meizu,U20,U20
baffin,samsung,Samsung,Galaxy Grand I9082,baffin
HS8929QC,Smartfren,Hisense,C1,HS8929QC
t03g,samsung,Samsung,Galaxy Note II N7100,t03g
LAVA_R1,Lava,,,
c9lte,samsung,Samsung,Galaxy C9 Pro,c9lte
ADVAN_i5C_Plus,ADVAN,,,
A6600a40,Lenovo,Lenovo,A6600 Plus,A6600a40
unknown,Xiaomi,,,
gracerlte,samsung,Samsung,Galaxy Note FE,gracerlte
rlk6737m_35g_c_m0,ADVAN,,,
k7,lge,LGE,X cam,k7
7 Plus,APPLE,Apple,iPhone 7 Plus,
zoom_row,Lenovo,Lenovo,Vibe Shot,zoom_row
bd6735_65u_b_l1,POLYTRON,,,
alicee,lge,LGE,G5 SE,alicee
A3_4G,Lava,,,
D6503,Sony,Sony,Xperia Z2,D6503
ugg,xiaomi,Xiaomi,Redmi Y1 (Note 5A),
E5633,Sony,Sony,Xperia M5 Dual,E5633
msf3,lge,LGE,Stylus 3,
X601-LTE,Infinix,Infinix,Note 3 Pro,X601-LTE
CPH1613,OPPO,Oppo,F3 Plus,CPH1613
gtexslte,samsung,Samsung,Galaxy Tab A 7.0 (2016),gtexslte
NE1,Nokia,Nokia,3,
mm1v,lge,LGE,K8,mm1v
mk6p,lge,LGE,X power,mk6p
HS8916QC,Smartfren,Smartfren,Andromax C4,HS8916QC
D2302,Sony,Sony,Xperia M2 dual,D2302
F3116,Sony,Sony,Xperia XA,F3116
lava35m_sp45,LAVA,lava,A59,
melius3g,samsung,Samsung,Galaxy Mega 6.3 I9200,melius3g
g2,lge,LGE,G2,g2
R7sf,OPPO,Oppo,R7s,R7sf
D2305,Sony,Sony,Xperia M2,D2305
ASUS_X00HD_1,asus,Asus,Zenfone 4 Max ZC520KL,ASUS_X00HD_1
iris702,Lava,,,
ASUS_Z00L_63,asus,Asus,Zenfone 2 Laser ZE550KL,ASUS_Z00L_63
D5803,Sony,Sony,Xperia Z3 Compact,D5803
crater,samsung,Samsung,Galaxy Mega 5.8 I9150,crater
baffinlite,samsung,Samsung,Galaxy Grand Neo,baffinlite
"iPhone9,2",Apple,Apple,iPhone 7 Plus,"iPhone9,2"
a7y17lte,samsung,Samsung,Galaxy A7 (2017),a7y17lte
i5C,ADVAN,,,
Y51L,vivo,Vivo,Y51,Y51L
a5lte,samsung,Samsung,Galaxy A5,a5lte
A66A*,EVERCOSS,,,
F01F,DOCOMO,Fujitsu,F-01F,F01F
Infinix_X510_sprout,Infinix,Infinix,Hot 2,Infinix_X510_sprout
A11w,OPPO,Oppo,Joy 3,A11w
j13g,samsung,Samsung,Galaxy J1,j13g
C5503,Sony,Sony,Xperia ZR,C5503
Infinix_X509,Infinix,Infinix,Zero 2,Infinix_X509
kanas,samsung,Samsung,Galaxy Core II,kanas
V3,vivo,Vivo,V3,V3
1611,vivo,Vivo,V5 Plus,1611
E5663,Sony,Sony,Xperia M5 Dual,E5663
mp1s3gds,lge,LGE,G4 Stylus,mp1s3gds
gtanotexllte,samsung,Samsung,Galaxy Tab A 10.1 (2016),gtanotexllte
A7000-a,Lenovo,Lenovo,A7000,A7000-a
Y21,vivo,Vivo,Y21,Y21
D2502,Sony,Sony,Xperia C3 Dual,D2502
A7700,Lenovo,Lenovo,A7700,A7700
HM2014811,Xiaomi,Xiaomi,Redmi 2,HM2014811
goyave3gsea,samsung,Samsung,Galaxy Tab 3 V,goyave3gsea
iris870,Lava,,,
A65_sprout,google,Evercoss,One X,A65_sprout
nicklaus_f,motorola,Motorola,Moto E4 Plus,nicklaus_f
a8elte,samsung,Samsung,Galaxy A8,a8elte
advan8321_9709,Advan,,,
meri,Xiaomi,Xiaomi,Mi 5c,meri
ASUS_Z011,asus,Asus,Zenfone 2 Laser ZE601KL,ASUS_Z011
taido_row,motorola,Motorola,Moto E3 Power,taido_row
a9xproltesea,samsung,Samsung,Galaxy A9 Pro (2016),a9xproltesea
C6802,Sony,Sony,Xperia Z Ultra,C6802
T01,acer,Acer,Liquid Z330,T01
lava72_sp49th,LAVA,lava,A72,
E6553,Sony,Sony,Xperia Z3+,E6553
INFINIX-X553-A1,INFINIX,Infinix,Hot 3 LTE,INFINIX-X553-A1
VENGE(AX5),Axioo,,,
A26C4H,Smartfren,Smartfren,A26C4H,A26C4H
v12bnlite,WIKO,,,
Vandroid,ADVAN,,,
E2353,Sony,Sony,Xperia M4 Aqua,E2353
CPH1727,OPPO,Oppo,F5,CPH1727
C2305,Sony,Sony,Xperia C,C2305
G3312,Sony,Sony,Xperia L1,G3312
zx55q05_64,ZTE,ZTE,V5 Lux,
ASUS_X014D_1,asus,Asus,Zenfone Go ZB452KG,ASUS_X014D_1
dream2lte,samsung,Samsung,Galaxy S8+,dream2lte
s5201ap,WIKO,Wiko,Lenny,s5201ap
X9076,OPPO,OPPO,Find 7,X9076
SBM303SH,SBM,Sharp,Aquos Xx,SBM303SH
e73g,samsung,Samsung,Galaxy E7,e73g
java_great_a900,POLYTRON,,,
M3s,Meizu,Meizu,M3s,M3s
natrium,Xiaomi,Xiaomi,Mi 5s Plus,natrium
msm8226,IVO,,,
hct6750_c66_b_m,DOOGEE,,,
Pixi4-5,TCL,alcatel,Pixi 4 (5),Pixi4-5
hl3g,samsung,Samsung,Galaxy Note 3 Neo,hl3g
t0ltelgt,samsung,Samsung,Galaxy Note II N7100,t0ltelgt
G8232,Sony,Sony,Xperia XZs,G8232
ASUS_X00IDB,asus,Asus,Zenfone 4 Max ZC554KL,
j1xlte,samsung,Samsung,Galaxy J1 (2016),j1xlte
POLYTRON_4G551,POLYTRON,,,
ja3g,samsung,Samsung,I9500 Galaxy S4,ja3g
M23i,M23i,,,
D6603,Sony,Sony,Xperia Z3,D6603
h533_b1,Infinix,Infinix,Note 2,
sisleyr,Lenovo,Lenovo,S90 Sisley,sisleyr
HWTAG-L6753,HUAWEI,Huawei,Enjoy 5s,HWTAG-L6753
hwCHM-H,Honor,Honor,4C,hwCHM-H
ASUS_A007,asus,Asus,Zenfone Live ZB501KL,
HS8610QC,Smartfren,Smartfren,NC36B1G,HS8610QC
v3953,WIKO,,,
k5,lge,LGE,X screen,k5
ASUS_X009D_2,asus,Asus,Zenfone Go ZB450KL,ASUS_X009D_2
CPY83_S00,Coolpad,Coolpad,Mega,CPY83_S00
mlv7,lge,LGE,X power,
P024_2,asus,Asus,Zenpad 8.0 Z380KL,P024_2
Y72_921,Coolpad,Coolpad,Y72-921,
ha3g,samsung,Samsung,Galaxy Note 3,ha3g
"iPhone7,1",Apple,Apple,iPhone 6 Plus,"iPhone7,1"
young23g,samsung,Samsung,Galaxy Young 2,young23g
M20i,HIMAX,,,
me1ds,lge,LGE,K4,me1ds
omega,Xiaomi,Xiaomi,Redmi Pro,omega
HM2014813,Xiaomi,Xiaomi,Redmi 2,HM2014813
"iPhone10,2",Apple,Apple,iPhone 8 Plus,"iPhone10,2"
arubaslim,samsung,Samsung,Galaxy Core I8260,arubaslim
R7Plusm,OPPO,Oppo,R7 Plus,R7Plusm
HWKII-Q,HUAWEI,Honor,6X,HWKII-Q
acer_z520,acer,Acer,Liquid Z520,acer_z520
MEIZU_M5,Meizu,Meizu,M5,
SM-G925F,samsung,Samsung,Galaxy S6 edge,SM-G925F
ASUS_T00G,asus,Asus,Zenfone 6 A600CG,ASUS_T00G
m2note,Meizu,Meizu,M2 Note,m2note
G55,LUNA,,,
Android,POLYTRON,,,
gucci,Xiaomi,Xiaomi,Redmi Note 4G,gucci
ADVAN_I5E,ADVAN,,,
EVERCOSS,EVERCOSS,,,
HM2014819,Xiaomi,Xiaomi,Redmi 2,HM2014819
logan,samsung,Samsung,Galaxy Ace 3,logan
Lion-5,TCL,alcatel,Flash 2,Lion-5
g808_x551_b1_in_30a,Infinix,Infinix,Hot Note,
R108,Coolpad,Coolpad,Torino,R108
trelteskt,samsung,Samsung,Galaxy Note 4,trelteskt
EVERCOSS-A75L,EVERCOSS-A75L,,,
p1,KDDI,LGE,G4,p1
lucye,lge,LGE,G6,
POLYTRON_4G503,POLYTRON,,,
c7ltechn,samsung,Samsung,Galaxy C7,c7ltechn
a7xelte,samsung,Samsung,Galaxy A7 (2016),a7xelte
b2lds,lge,LGE,G Vista,b2lds
V55C,ELEVATE,Elevate,V55C,V55C
ASUS_Z012D,asus,Asus,Zenfone 3 ZE552KL,ASUS_Z012D
shamu,google,Motorola,Nexus 6,shamu
m253,lge,LGE,K10,m253
OPPO72_14079,OPPO,,,
htc_pmewl,htc,HTC,10,htc_pmewl
CoolpadA118,Coolpad,Coolpad,Roar,
X556,Infinix,Infinix,Hot 4 Pro,X556
SM-G9350,samsung,Samsung,Galaxy S7 edge,SM-G9350
CP8722_S00,Coolpad,Coolpad,Roar Plus,CP8722_S00
AT8D,AT8D,,,
D5788,Sony,Sony,Xperia Z1 Compact,D5788
htc_m8,htc,HTC,One (M8),htc_m8
MSM8909QC,Smartfren,Smartfren,B16C2G,MSM8909QC
w822_648_aw_ys_r3_c03_ddr3,icherry,,,
F04G,DOCOMO,Fujitsu,F-04G,F04G
ASUS_Z00SD,asus,Asus,Zenfone Go ZC451TG,ASUS_Z00SD
R821,OPPO,OPPO,R821T FInd Muse,R821
on5xlltechn,samsung,Samsung,Galaxy On5 (2016),on5xlltechn
R50B,R50B,,,
Blackview,Blackview,Blackview,Blackview BV6000,Blackview
M5Note,Meizu,Meizu,M5 Note,
1201,OPPO,Oppo,Neo 5,1201
advan8735m_9706c,advan,,,
AD681H,Smartfren,Haier,Smartfren Andromax AD681H,AD681H
X2-AP,Lenovo,Lenovo,Vibe X2,X2-AP
TB3-730X,Lenovo,Lenovo,Tab3 7,TB3-730X
mega2lte,samsung,Samsung,Galaxy Mega 2,mega2lte
BLAUPUNKT_X1plus,BLAUPUNKT,,,
PB1-770M,Lenovo,Lenovo,Phab Plus,PB1-770M
X5Pro,vivo,Vivo,X5Pro,X5Pro
X9006,OPPO,Oppo,Find 7a,X9006
R11,OPPO,Oppo,R11,
rlk6753_65u_m0,Infinix,Infinix,Hot S,
Infinix-X572,Infinix,Infinix,Note 4,
ASUS_Z00D,asus,Asus,Zenfone 2 ZE500CL,ASUS_Z00D
riva,Xiaomi,Xiaomi,Redmi 5A,
D5303,Sony,Sony,Xperia T2 Ultra,D5303
a3ulte,samsung,Samsung,Galaxy A3,a3ulte
M22i,HIMAX,,,
msm8x25q_i7c_smartfren,Smartfren,,,
A5500-HV,Lenovo,Lenovo,A8-50 A5500,A5500-HV
acer_e3,acer,Acer,Liquid E3,acer_e3
HWEVA,HUAWEI,Huawei,P9,HWEVA
S5030AP12H,WIKO,Wiko,Lenny2,S5030AP12H
P90,Lenovo,Lenovo,P90,P90
j1minilte,samsung,Samsung,Galaxy J1 mini prime,j1minilte
greatlte,samsung,Samsung,Galaxy Note8,greatlte
err_value,asus,,,
j3xproltechn,samsung,Samsung,Galaxy J3 Pro,j3xproltechn
mh,lge,LGE,Q6,
addison,motorola,Motorola,Moto Z Play,addison
U50A,EVERCOSS,,,
SO-04G,docomo,Sony,Xperia Z3 Compact,SO-04G
miki8735_tb_m,ADVAN,,,
htc_a55ml_dtul,htc,HTC,One E9+,htc_a55ml_dtul
"iPhone8,1",Apple,Apple,iPhone 6s,"iPhone8,1"
S920_ROW,Lenovo,Lenovo,S920,S920_ROW
GEN5,APLUS,,,
elsa,lge,LGE,V20,elsa
my90ds,lge,LGE,Magna,my90ds
BV8000Pro,Blackview,,,
miki8735m_8500,ADVAN,,,
trelte,samsung,Samsung,Galaxy Note 4,trelte
aries,Xiaomi,Xiaomi,Mi 2,aries
Infinix-X522,Infinix,Infinix,S2 Pro,
i6388,Himax,,,
mido,Xiaomi,Xiaomi,Redmi Note 4,
sisleylr,Lenovo,Lenovo,S60,sisleylr
A316i,Lenovo,Lenovo,A316i,A316i
ASUS_X014D_2,asus,Asus,Zenfone Go ZB452KG,ASUS_X014D_2
ASUS_Z00W_63,asus,Asus,Zenfone 2 Laser ZE500KL,ASUS_Z00W_63
chagalllte,samsung,Samsung,Galaxy Tab S 10.5,chagalllte
trltechnzh,samsung,Samsung,Galaxy Note 4,trltechnzh
OnePlus3,OnePlus,OnePlus,3,OnePlus3
Y31i,vivo,Vivo,Y31i,Y31i
P1ma40,SAMSUNG,,,
dlxpul,htc,HTC,Butterfly S,dlxpul
SG305SH,SG,Sharp,Aquos Crystal,SG305SH
BP2,SGP,Silent Circle,Blackphone 2,BP2
S1a40,Lenovo,Lenovo,Vibe S1,S1a40
iris510,iris510,,,
corsica,samsung,Samsung,Galaxy Pocket Neo S5310,corsica
vivalto3mveml3gsea,samsung,Samsung,Galaxy Ace 4 LTE G313,vivalto3mveml3gsea
A536,Lenovo,Lenovo,A536,A536
logan2g,samsung,Samsung,Galaxy Star Pro S7260,logan2g
ASUS_Z01H_1,asus,Asus,Zenfone 3 Zoom ZE553KL,ASUS_Z01H_1
gilda_a21,ADVAN,,,
E6653,Sony,Sony,Xperia Z5,E6653
heroqltetmo,samsung,Samsung,Galaxy S7,heroqltetmo
HWVKY,HUAWEI,Huawei,P10 Plus,
Android,POLYTRON_L501,,,
z2,lge,LGE,G Flex2,z2
CT-88,alps,,,
luv20ds,lge,LGE,L20,luv20ds
P821E10,ZTE,ZTE,Kis 3,P821E10
acer_Z500,acer,Acer,Liquid Z500,acer_Z500
HWCAM-H,HUAWEI,Huawei,Y6II,HWCAM-H
D2403,Sony,Sony,Xperia M2 Aqua,D2403
w7ds,lge,LGE,L90 Dual D410,w7ds
luv80ds,lge,LGE,L Bello,luv80ds
C1905,Sony,Sony,Xperia M,C1905
jason,Xiaomi,Xiaomi,Mi Note 3,
lava35_sp31_lte_thai,Pixel V2+,,,
hero2qlteue,samsung,Samsung,Galaxy S7 edge,hero2qlteue
E2115,Sony,Sony,Xperia E4 Dual,E2115
W90918A1_ifinix_HOT_3,INFINIX,Infinix,Hot 3,
S650_ROW,Lenovo,Lenovo,S650,S650_ROW
R1011,OPPO,Oppo,Joy Plus,R1011
"iPhone5,1",Apple,Apple,iPhone 5,"iPhone5,1"
zee,lge,LGE,G Flex,zee
M5c,meizu,Meizu,M5c,
E2303,Sony,Sony,Xperia M4 Aqua,E2303
MX6,Meizu,Meizu,MX6,
htc_himaul,htc,HTC,One M9,htc_himaul
falcon_umtsds,motorola,Motorola,Moto G,falcon_umtsds
K10000_Pro,OUKITEL,,,
OnePlus3T,OnePlus,OnePlus,3T,
HS8952QC,Hisense,Hisense,AGM X1,HS8952QC
POLYTRON_R2509,POLYTRON,,,
A319,Lenovo,Lenovo,A319,A319
cedric,motorola,Motorola,Moto G5,
GT-P6200,samsung,Samsung,P6200 Galaxy Tab 7.0 Plus,GT-P6200
klteatt,samsung,Samsung,Galaxy S5,klteatt
K33a42,Lenovo,Lenovo,K6 Power,K33a42
Y12,HIMAX,,,
ND1,Nokia,Nokia,5,
s5513ap,WIKO,Wiko,Ridge 4G,s5513ap
hwH30-U10,Huawei,Honor,3C,hwH30-U10
htc_himauhl,htc,HTC,One M9,htc_himauhl
z2_plus_hw,ZUK,Lenovo,ZUK Z2,z2_plus_hw
C1-S02,Coolpad,Coolpad,C1-S02,
A0001,oneplus,OnePlus,One,A0001
gt5note8lte,samsung,Samsung,Galaxy Tab A 8.0,gt5note8lte
SO-03F,docomo,Sony,Xperia Z2,SO-03F
SCL24,KDDI,Samsung,Galaxy Note Edge,SCL24
helium,Xiaomi,Xiaomi,Mi Max,helium
EVERCOSS A7B,EVERCOSS A7B,,,
j23g,samsung,Samsung,Galaxy J2,j23g
A850_ROW,Lenovo,Lenovo,A850,A850_ROW
EG98,Smartfren,Hisense,EG98,EG98
Z1,SPC,SPC,Z1,Z1
vee4ds,lge,LGE,Optimus L4 II Dual E445,vee4ds
Cynus_F10,Mobistel,Mobistel,Cynus F10,Cynus_F10
POLYMER_X,POLYMER_X,,,
surnia_umts,motorola,Motorola,Moto E (2nd gen),surnia_umts
GIONEE,GIONEE,,,
fortunaltezh,samsung,Samsung,Galaxy Grand Prime,fortunaltezh
F8332,Sony,Sony,Xperia XZ,F8332
NX907J,nubia,ZTE,nubia M2 Play,
F3111,Sony,Sony,Xperia XA,F3111
zenltetmo,samsung,Samsung,Galaxy S6 edge+,zenltetmo
S890,Lenovo,Lenovo,S890,S890
N8010,samsung,Samsung,Galaxy Note 10.1 N8010,N8010
HIMAX_PURE_3S,HIMAX,,,
gts28lte,samsung,Samsung,Galaxy Tab S2 8.0,gts28lte
HWRNE,HUAWEI,Huawei,Mate 10 Lite,
K2L_S00,Coolpad,Coolpad,K2L S00,K2L_S00
c9ltechn,samsung,Samsung,Galaxy C9 Pro,c9ltechn
HWMLA,HUAWEI,Huawei,G9 Plus,HWMLA
HS8929QC,Hisense,Hisense,C1,HS8929QC
cross8735m_3350,Welcome,,,
j7xeltecmcc,samsung,Samsung,Galaxy J7 (2016),j7xeltecmcc
T00F,ASUS,Asus,Zenfone 5 A500CG (2014),
S7,S7,,,
advan8735m_9710,advan,,,
BM180,Bluebird,Bluebird,BM180,BM180
K012,asus,Asus,Fonepad 7 (2014),K012
INFINIX-X600-H533-5M,Infinix,Infinix,Note 2,INFINIX-X600-H533-5M
A8,Coolpad,Coolpad,Max,A8
t960w_v1_a_lt_s50g_maxtron_1s,MAXTRON,,,
INFINIX-X553,INFINIX,Infinix,Hot 3 LTE,INFINIX-X553
Z1,zuk,Lenovo,ZUK Z1,Z1
EVERCOSS_A66V,EVERCOSS,,,
jackpot2lte,samsung,Samsung,Galaxy A8+ (2018),jackpot2lte
tblte,samsung,Samsung,Galaxy Note Edge,tblte
leo,Xiaomi,Xiaomi,Mi Note Pro,leo
ASUS_T00Q,asus,Asus,Zenfone 4 A450CG (2014),ASUS_T00Q
royss,samsung,Samsung,Galaxy Young S6310,royss
msm8916_32,POLYTRON,,,
A7-30HC,Lenovo,Lenovo,Tab 2 A7-30,A7-30HC
x2605_dh_l401,EVERCOSS,,,
m3note,Meizu,Meizu,M3 Note,
C6833,Sony,Sony,Xperia Z Ultra,C6833
goya3g,samsung,Samsung,Galaxy Tab 3 Lite 7.0 3G,goya3g
HWTRT-Q,HUAWEI,Huawei,Y7,
klte,samsung,Samsung,Galaxy S5,klte
"iPhone5,3",Apple,Apple,iPhone 5c,"iPhone5,3"
advan8321_9719e,advan,,,
G3116,Sony,Sony,Xperia XA1,
iris60,LAVA,Lava,Iris Fuel 60,
pplus,lge,LGE,V10,pplus
F03F,DOCOMO,Fujitsu,F-03F,F03F
F5122,Sony,Sony,Xperia X,F5122
MS1,SHARP,Sharp,MS1,MS1
yukon,hp,HP,7 VoiceTab,yukon
Haier_Leisure_L7,Haier,,,
E6883,Sony,Sony,Xperia Z5 Premium Dual,E6883
G7,Haier,,,
SH-01F,DOCOMO,Sharp,AQUOS PHONE ZETA  SH-01F,SH-01F
S2_PRO,UMIDIGI,,,
R827,OPPO,Oppo,Find 5 Mini,R827
on5xfltechn,samsung,Samsung,Galaxy On5 (2016),on5xfltechn
j1minive3gxtc,samsung,Samsung,Galaxy J1 mini prime,j1minive3gxtc
java_great_a900m,POLYTRON,,,
scorpio,Xiaomi,Xiaomi,Mi Note 2,scorpio
INFINIX-X554,INFINIX,Infinix,Hot 3,INFINIX-X554
g3,lge,LGE,G3,g3
M22,HIMAX,,,
B75,EVERCOSS,,,
P839F30,ZTE,ZTE,Blade S6,P839F30
P172R10,ZTE,ZTE,Beeline Smart 2,P172R10
hct6735_35gu_m0,EVERCOSS,,,
m0,samsung,Samsung,I9300 Galaxy S III,m0
A8,EVERCOSS,,,
grandprimeveltezt,samsung,Samsung,Galaxy Grand Prime,grandprimeveltezt
kona3g,samsung,Samsung,Galaxy Note 8.0,kona3g
K016_1,asus,Asus,Fonepad 8 FE380CG,K016_1
Y15,vivo,Vivo,Y15,Y15
aqua,Xiaomi,Xiaomi,Mi 4s,aqua
deb,google,Asus,Google Nexus 7 (2013),deb
luv90ds,lge,LGE,G Pro Lite,luv90ds
z220,acer,Acer,Liquid Z220,z220
L50,SPC,,,
ido_xhdpi_global,Xiaomi,,,
Infinix-X521-Pro,Infinix,Infinix,Hot S Pro,Infinix-X521-Pro
M21,HIMAX,,,
S820_ROW,Lenovo,Lenovo,S820,S820_ROW
D1C,Nokia,Nokia,6,
OPPO72_13076,OPPO,Oppo,R1001 Joy,OPPO72_13076
x600,Letv,LeTV,Letv x600,x600
degas3g,samsung,Samsung,Galaxy Tab 4 7.0,degas3g
AD6B1H,Smartfren,Haier,AD6B1H,AD6B1H
panell_d,motorola,Motorola,Moto C Plus,
v3961,WIKO,,,
C5502,Sony,Sony,Xperia ZR,C5502
namath,motorola,Motorola,Moto C,
greatqlte,samsung,Samsung,Galaxy Note8,greatqlte
"iPhone9,1",Apple,Apple,iPhone 7,"iPhone9,1"
zerofltechn,samsung,Samsung,Galaxy S6,zerofltechn
CXQ,CXQ,,,
hwSCL-Q,Huawei,Huawei,Y6,hwSCL-Q
F8132,Sony,Sony,Xperia X Performance,F8132
SG304SH,SG,Sharp,Aquos Xx,SG304SH
cpy90_g00,Coolpad,Coolpad,Shine,cpy90_g00
P500,Polytron,,,
S660,Lenovo,Lenovo,S660,S660
htc_a5dwg,htc,HTC,Desire 816 dual sim,htc_a5dwg
hwRIO-AL00,HUAWEI,Honor,6 Plus,hwRIO-AL00
R831,OPPO,OPPO,Neo 3,R831
ADVAN_E1C_3G,ADVAN,,,
zerofltetmo,samsung,Samsung,Galaxy S6,zerofltetmo
Infinix_X510,ragentek,Infinix,Hot 2,Infinix_X510
Z00A_3,asus,Asus,Zenfone 2 ZE551ML,Z00A_3
zenlte,samsung,Samsung,Galaxy S6 edge+,zenlte
a9xltechn,samsung,Samsung,Galaxy A9 (2016),a9xltechn
NX569J,nubia,ZTE,nubia Z17 mini,
nobleltevzw,Verizon,Samsung,Galaxy Note5,nobleltevzw
X557,Infinix,Infinix,Hot 4,X557
Infinix-X603,Infinix,Infinix,Zero 5,
HS8909QC,Hisense,Hisense,E10,HS8909QC
V3750AN24K,WIKO,Wiko,Robby,V3750AN24K
HWMYA-L6737,HUAWEI,Huawei,Y5 (2017),HWMYA-L6737
gilda_p8070,ADVAN,,,
slte,samsung,Samsung,Galaxy Alpha,slte
INFINIX-X552-95M,Infinix,Infinix,Zero 3,INFINIX-X552-95M
e8lte,lge,LGE,G Pad 8.0 LTE,e8lte
CPH1729,OPPO,OPPO,A83,
ADVAN_i_Tab,ADVAN,,,
"iPhone9,4",Apple,Apple,iPhone 7 Plus,"iPhone9,4"
SOL23,KDDI,Sony,Xperia Z1,SOL23
BV9000Pro,Blackview,,,
GT-I8160,samsung,Samsung,Galaxy Ace 2 I8160,GT-I8160
F02G,DOCOMO,Fujitsu,F-02G,F02G
V2,IMO S50,,,
a3ltedd,samsung,Samsung,Galaxy A3,a3ltedd
S860,Lenovo,Lenovo,S860,S860
R815,OPPO,OPPO,R815T Clover,R815
iris820,Lava,,,
NX551J,nubia,ZTE,nubia M2,
cross82_3821,EVERCOSS,,,
"iPhone8,4",Apple,Apple,iPhone SE,"iPhone8,4"
A10-70L,Lenovo,Lenovo,Tab 2 A10-70,A10-70L
N1mini,OPPO,Oppo,N1 mini,N1mini
lt013g,samsung,Samsung,Galaxy Tab 3 8.0,lt013g
S5260,WIKO,Wiko,Pulp Fab,S5260
SH825Wi,SHARP,Sharp,Aquos Crystal,SH825Wi
E6533,Sony,Sony,Xperia Z3+ dual,E6533
b1w,lge,LGE,L Bello,b1w
venice,blackberry,BlackBerry,Priv,venice
ASUS_Z01M_1,asus,Asus,Zenfone 4 Selfie Pro ZD552KL,
arubaslimss,samsung,Samsung,Galaxy Core I8260,arubaslimss
ADVAN,ADVAN,,,
htc_a50dtul,htc,HTC,Desire 820q dual sim,htc_a50dtul
Mi438S_sprout,google,Nexian,Nexian journey one,Mi438S_sprout
E5603,Sony,Sony,Xperia M5,E5603
nobleltetmo,samsung,Samsung,Galaxy Note5,nobleltetmo
g2mds,lge,LGE,G2 mini,g2mds
F3211,Sony,Sony,Xperia XA Ultra,F3211
htc_himawl,htc,HTC,One M9,htc_himawl
G60,ELEVATE,,,
j2y18lte,samsung,Samsung,Galaxy J2 Pro (2018),j2y18lte
java_fortune_nw466h,ADVAN,,,
advan8392_6922s,advan,,,
treltelgt,samsung,Samsung,Galaxy Note 4,treltelgt
jactivelte,samsung,Samsung,I9295 Galaxy S4 Active,jactivelte
h533_a1,Infinix,Infinix,Note 2,
M22s,himax,,,
EVERCOSS A7V,EVERCOSS,,,
ASUS_Z00E_3,asus,Asus,Zenfone 2 Laser ZE500KL,ASUS_Z00E_3
A5000,Lenovo,Lenovo,A5000,A5000
htc_himaulatt,htc,HTC,One M9,htc_himaulatt
heroqlteue,samsung,Samsung,Galaxy S7,heroqlteue
HM2014818,Xiaomi,Xiaomi,Redmi 2,HM2014818
d802,LGE,LGE,G2,
ether,Nextbit,Nextbit,Robin,ether
E6683,Sony,Sony,Xperia Z5 Dual,E6683
S55A,EVERCOSS,,,
coreprimelte,samsung,Samsung,Galaxy Core Prime,coreprimelte
S850,Lenovo,Lenovo,S850,S850
A6020,Lenovo,Lenovo,Vibe K5,
pri6737t_66_m0,alps,,,
hwp6-u06,Huawei,Huawei,Ascend P6,hwp6-u06
"iPad4,2",Apple,Apple,iPad Air,"iPad4,2"
sailfish,google,Google,Pixel,sailfish
SE3,Sharp,Sharp,R1S,
POLYMER,HIMAX,,,
jackpotlte,samsung,Samsung,Galaxy A8 (2018),jackpotlte
CPH1801,OPPO,Oppo,A71 (2018),
Y31L,vivo,Vivo,Y31,Y31L
hwH60,Huawei,Honor,6,hwH60
m2a3g,samsung,Samsung,Galaxy K zoom,m2a3g
htc_a5ul,htc,HTC,Desire 816,htc_a5ul
vince,xiaomi,Xiaomi,Redmi 5 Plus (Redmi Note 5),
SO-03G,docomo,Sony,Xperia Z3+,SO-03G
CP3505I_S00,Coolpad,Coolpad,Torino S,
Axioo_AX5,Axioo,,,
G8342,Sony,Sony,Xperia XZ1,
rosy,Xiaomi,Xiaomi,Redmi 5,
E6853,Sony,Sony,Xperia Z5 Premium,E6853
zerofltevzw,Verizon,Samsung,Galaxy S6,zerofltevzw
INFINIX-X551,INFINIX,Infinix,Hot Note,INFINIX-X551
NX573J,nubia,ZTE,nubia M2 lite,
OnePlus5,OnePlus,OnePlus,5,
z2_plus,ZUK,Lenovo,ZUK Z2,z2_plus
"iPhone8,2",Apple,Apple,iPhone 6s Plus,"iPhone8,2"
j5ltechn,samsung,Samsung,Galaxy J5,j5ltechn
sofia3gr,Advan,,,
G36C1H,Smartfren,Smartfren,G36C1H,G36C1H
hwp7,Huawei,Huawei,Ascend P7,hwp7
SOV32,KDDI,Sony,Xperia Z5,SOV32
ADVAN_i7A,ADVAN,,,
C5302,Sony,Sony,Xperia SP,C5302
l5460,WIKO,Wiko,Fever 4G,l5460
acer_z205,acer,Acer,Liquid Z205,acer_z205
acer_e39,acer,Acer,Liquid E700,acer_e39
M631Y,CMCC,Yes,M631Y,M631Y
SM-N950F,samsung,Samsung,Galaxy Note8,SM-N950F
C46B2H,Smartfren,Haier,C46B2H,C46B2H
SCV31,KDDI,Samsung,Galaxy S6 edge,SCV31
hlte,samsung,Samsung,Galaxy Note 3,hlte
htc_m8wl,htc,HTC,One (M8),htc_m8wl
msm8610,MITO,,,
heroqltevzw,Verizon,Samsung,Galaxy S7,heroqltevzw
SC-02G,samsung,Samsung,Galaxy S5 Active,SC-02G
AD686G,Smartfren,Hisense,Andromax-c,AD686G
c7proltechn,samsung,Samsung,Galaxy C7 Pro,c7proltechn
herolteskt,samsung,Samsung,Galaxy S7,herolteskt
R50A,EVERCOSS,Elevate,R50A,R50A
A68,MITO,,,
vivalto5mve3g,samsung,Samsung,Galaxy Ace 4,vivalto5mve3g
albus,motorola,Motorola,Moto Z2 Play,
SBM302SH,SBM,Sharp,Aquos Xx,SBM302SH
lava35m_sp461,Lava,,,
h6198,Himax,,,
E2053,Sony,Sony,Xperia E4g,E2053
i3L,Kata,,,
m1621,Meizu,Meizu,M5 Note,
AF9900,AF9900,,,
SO-02H,docomo,Sony,Xperia Z5 Compact,SO-02H
P780_ROW,Lenovo,Lenovo,P780,P780_ROW
bbk82_wet_jb5,vivo,Vivo,Y22,
OnePlus5T,OnePlus,OnePlus,5T,
marlin,google,Google,Pixel XL,marlin
HS6735MT,Hisense,Hisense,D2-M,HS6735MT
k3388,Evercoss,,,
E2306,Sony,Sony,Xperia M4 Aqua,E2306
taimen,google,,,
B6s,B6s,,,
js01lte,samsung,Samsung,Galaxy J,js01lte
NB1,Nokia,Nokia,8,
iPhone,iPhone,,,
E6782,kyocera,Kyocera,Brigadier,E6782
ASUS_X00K_1,asus,Asus,Zenfone Max Pro (M1) ZB601KL/ZB602K,
K10e70,Lenovo,Lenovo,K10 Plus,K10e70
klondike,hp,HP,7 Voice Tab,klondike
NX505J,nubia,ZTE,nubia Z7 Max,NX505J
zeroltetmo,samsung,Samsung,Galaxy S6 edge,zeroltetmo
hct6735_35gu_l1,EVERCOSS,,,
SC-02F,samsung,Samsung,Galaxy Note 3,SC-02F
potter,motorola,Motorola,Moto G5 Plus,
S50D,qcom,,,
T012,acer,Acer,Liquid Z320,T012
X8 Pro,alps,,,
ghost,motorola,Motorola,Moto X,ghost
VF-895N,Vodafone,Vodafone,Vodafone 895,VF-895N
lithium,Xiaomi,Xiaomi,Mi Mix,lithium
kltetmo,samsung,Samsung,Galaxy S5,kltetmo
ASUS_X018_1,asus,Asus,Zenfone Max Plus (M1) ZB570TL,
sltektt,samsung,Samsung,Galaxy Alpha,sltektt
star2lte,samsung,Samsung,Galaxy S9+,star2lte
E1M,Nokia,Nokia,2,
jflte,samsung,Samsung,I9505 Galaxy S4,jflte
gts28velte,samsung,Samsung,Galaxy Tab S2 8.0,gts28velte
HWSTF,HONOR,Honor,9,
E5803,Sony,Sony,Xperia Z5 Compact,E5803
hwmt7,Huawei,Huawei,Mate 7,hwmt7
griffin,motorola,Motorola,Moto Z,griffin
msm8974,vivo,Vivo,Xplay3S,msm8974
B16C3H,Xiaomi,,,
mido,Xiaomi nitrogen,,,
htc_acawhl,htc,htc,10 evo,htc_acawhl
treltektt,samsung,Samsung,Galaxy Note 4,treltektt
heroqlteatt,samsung,Samsung,Galaxy S7,heroqlteatt
htc_ocndugl,htc,htc,U11,
ASUS_Z010D,asus,Asus,Zenfone Max ZC550KL (2016),
F6,F6,,,
C103,Coolpad,Coolpad,Cool1 dual,C103
bbk92_wet_jb9,vivo,Vivo,X3S,
a6000,Lenovo,Lenovo,A6000,
victara,motorola,Motorola,Moto X (2nd Gen),victara
M21s,HIMAX,,,
CoolpadY76_I01,Coolpad,Coolpad,Y76,
wiko,WIKO,,,
ADVAN_G2,ADVAN,,,
Infinix-X573,Infinix,Infinix,Hot S3,
HNNEM-H,HONOR,Honor,5c,HNNEM-H
MITO A33,MITO A33,,,
POLYTRON_P552,POLYTRON,,,
P024_4,asus,Asus,Zenpad 8.0 Z380KL,P024_4
htc_pmeuhl,htc,HTC,10,htc_pmeuhl
heroltelgt,samsung,Samsung,Galaxy S7,heroltelgt
D2212,Sony,Sony,Xperia E3 Dual,D2212
dream2qltechn,samsung,Samsung,Galaxy S8+,dream2qltechn
chiron,Xiaomi,Xiaomi,Mi Mix 2,
Venge X (AX5),AXIOO,,,
hero2qltetmo,samsung,Samsung,Galaxy S7 edge,hero2qltetmo
j1minive3g,samsung,Samsung,Galaxy J1 mini prime,j1minive3g
ks01lteskt,samsung,Samsung,I9500 Galaxy S4,ks01lteskt
SC-04F,samsung,Samsung,Galaxy S5,SC-04F
ASUS_Z010_CD,asus,Asus,Zenfone Max ZC550KL,ASUS_Z010_CD
P01Y_2,asus,Asus,Zenpad C 7.0,P01Y_2
1727ID,vivo,Vivo,V9,
quark,motorola,Motorola,DROID Turbo,quark
Coolpad5267,Coolpad,Coolpad,5267,
tbeltektt,samsung,Samsung,Galaxy Note Edge,tbeltektt
PC-2,Prince,,,
OnePlus,OnePlus,OnePlus,X,OnePlus
msm8909,Blaupunkt,,,
BV9000Pro-F,Blackview,,,
o7lte,samsung,Samsung,Galaxy On7,o7lte
klimtlte,samsung,Samsung,Galaxy Tab S 8.4,klimtlte
noblelteatt,samsung,Samsung,Galaxy Note5,noblelteatt
mako,google,LGE,Nexus 4 E960,mako
htc_a3qhdul,htc,HTC,Desire 610,htc_a3qhdul
G8142,Sony,Sony,Xperia XZ Premium,
TB3-710I,Lenovo,Lenovo,Tab3 7,TB3-710I
NX597J,ZTE,ZTE,nubia N1 lite,
HWFRD,HONOR,Honor,8,HWFRD
a7010,Lenovo,Lenovo,Vibe K4 Note,
Galaxy S8,samsung,Samsung,Galaxy S8,Galaxy S8
Mirror3,OPPO,Oppo,Mirror 3,Mirror3
tbltedcm,samsung,Samsung,Galaxy Note Edge,tbltedcm
htc_a56dj_pro_dugl,htc,HTC,Desire 10 Pro,htc_a56dj_pro_dugl
le_x2,LeEco,Leeco,Le Max2,le_x2
B75A,EVERCOSS,,,
D5322,Sony,Sony,Xperia T2 Ultra dual,D5322
dream2qlteue,samsung,Samsung,Galaxy S8+,dream2qlteue
jaltektt,samsung,Samsung,I9506 Galaxy S4,jaltektt
F3216,Sony,Sony,Xperia XA Ultra,F3216
htc_pmeuhljapan,htc,htc,10,htc_pmeuhljapan
BV7000_Pro,Blackview,,,
ugg_global,xiaomi,Xiaomi,Redmi Y1 (Note 5A),
espressorf,samsung,Samsung,Galaxy Tab 2 7.0 P3100,espressorf
X7-I00,Coolpad,Coolpad,Dazen X7,
Venge_X_(AX5),Axioo,,,
ADVAN_E1C_NXT,ADVAN,,,
hwbgo,HUAWEI,Huawei,MediaPad T2 7.0,hwbgo
gts210velte,samsung,Samsung,Galaxy Tab S2 9.7,gts210velte
l70pds,lge,LGE,L Fino,l70pds
CPH1707,OPPO,Oppo,R11,
ADVAN S5E Pro,ADVAN,,,
HWBLN-H,HONOR,Honor,6X,HWBLN-H
CPH1819,OPPO,Oppo,F7,
rtech72_we_72_kk,android,,,
hwSCLU-Q,Huawei,Huawei,Y6,hwSCLU-Q
a9xproltechn,samsung,Samsung,Galaxy A9 Pro (2016),a9xproltechn
MIX_2,ulefone,,,
bullhead,google,LGE,Nexus 5X,bullhead
MIX,DOOGEE,,,
htc_himawhl,htc,HTC,One M9,htc_himawhl
M1,MEIIGOO,,,
SO-04F,docomo,Sony,Xperia Z2,SO-04F
M23s,Himax,,,
hct6735m_35gu_m0,Blackview,,,
heroqltespr,samsung,Samsung,Galaxy S7,heroqltespr
hero2qlteatt,samsung,Samsung,Galaxy S7 edge,hero2qlteatt
iris80,LAVA,,,
"iPhone9,3",Apple,Apple,iPhone 7,"iPhone9,3"
ASUS_L001_2,asus,Asus,Zenfone Go ZB690KG,ASUS_L001_2
angler,google,Huawei,Nexus 6P,angler
espresso10rf,samsung,Samsung,Galaxy Tab 2 10.1 P5100,espresso10rf
ASUS_Z00RD_1,asus,Asus,Zenfone 5z ZS620KL,
htc_a52dtul,htc,HTC,Desire 826 dual sim,htc_a52dtul
A8-50LC,Lenovo,Lenovo,A8-50 A5500,A8-50LC
htc_hiau_ml_tuhl,htc,HTC,One M9+,htc_hiau_ml_tuhl
greatqlteue,samsung,Samsung,Galaxy Note8,greatqlteue
hero2qltevzw,Verizon,Samsung,Galaxy S7 edge,hero2qltevzw
rgk6753_65u_l1,UMI,,,
HWLUA-L6735,HUAWEI,Huawei,Y3II,HWLUA-L6735
v3740,WIKO,,,
lentisltelgt,samsung,Samsung,Galaxy S5,lentisltelgt
cross8735m_3350b,EVERCOSS,,,
m7cdwg,htc,HTC,One Dual Sim,m7cdwg
my50ds,lge,LGE,Leon,my50ds
hero2qltechn,samsung,Samsung,Galaxy S7 edge,hero2qltechn
1724,vivo,Vivo,Y71,
l9010,WIKO,Wiko,Highway Pure 4G,l9010
oban,acer,Acer,B1-723,oban
SO-02G,docomo,Sony,Xperia Z3 Compact,SO-02G
T00F,asus,Asus,Zenfone 5 A500CG (2014),
whyred,xiaomi,Xiaomi,Redmi Note 5 Pro,
Borneo_Pro,novo,,,
K53a48,lenovo,Lenovo,K6 Note,K53a48
C5303,Sony,Sony,Xperia SP,C5303
ADVAN_i55K,ADVAN,,,
geefhd,lge,LGE,Optimus G Pro E985,geefhd
nevis,samsung,Samsung,Galaxy Fame S6810,nevis
SOV31,KDDI,Sony,Xperia Z3+,SOV31
M6Note,Meizu,Meizu,M6 Note,
CPH1821,OPPO,Oppo,F7,
SK3,Sharp,Sharp,Aquos S3,
K50a40,Lenovo,Lenovo,K3 Note,K50a40
SO-02J,docomo,Sony,Xperia X Compact,SO-02J
jactivelteatt,samsung,Samsung,I9295 Galaxy S4 Active,jactivelteatt
SCV32,KDDI,Samsung,Galaxy A8,SCV32
montana,motorola,Motorola,Moto G5S,
SOV33,KDDI,Sony,Xperia X Performance,SOV33
ASUS_X00BD_1,asus,Asus,Zenfone Go ZB500KL,ASUS_X00BD_1
GT-N7000,samsung,Samsung,Galaxy Note N7000,GT-N7000
j5y17lte,samsung,Samsung,Galaxy J5,j5y17lte
C8_4G,OUKITEL,,,
H51i,HIMAX,,,
PICOphone M2/M,Axioo,,,
argon,blackberry,BlackBerry,DTEK60,argon
HWBLA,HUAWEI,Huawei,Mate 10 Pro,
P816A12,ZTE,ZTE,Blade Qlux 4G,P816A12
M20,HIMAX,,,
htc_mecdug,htc,HTC,One (E8),htc_mecdug
ASUS_X550,asus,Asus,Pegasus 2 Plus,ASUS_X550
cheryl,razer,,,
Y51,vivo,Vivo,Y51,Y51
G3226,Sony,Sony,Xperia XA1 Ultra,
SC-02H,samsung,Samsung,Galaxy S7 edge,SC-02H
htc_hima_ace_ml_dtul,htc,HTC,One ME,htc_hima_ace_ml_dtul
hermes,HUAWEI,Huawei,P10 Lite,hermes
hero2lteskt,samsung,Samsung,Galaxy S7 edge,hero2lteskt
OnePlus2,OnePlus,OnePlus,2,OnePlus2
ASUS_X013D_1,asus,Asus,Zenfone Go ZB551KL,ASUS_X013D_1
meizu_M6,Meizu,Meizu,M6,
htc_a50ml_dtul,htc,HTC,Desire 820s dual sim,htc_a50ml_dtul
trhplte,samsung,Samsung,Galaxy Note 4,trhplte
Ulike2,OPPO,Oppo,U705T Ulike 2,Ulike2
A110,Coolpad,Coolpad,Roar,
magc6580_we_l,alps,,,
A10_sprout,google,Mito,A10,A10_sprout
MITO_A39,MITO A39,,,
404SC,SBM,Samsung,Galaxy S6 edge,404SC
SM-N900S,samsung,Samsung,Galaxy Note 3,SM-N900S
ASUS_X00T_2,asus,Asus,Zenfone Max Pro (M1) ZB601KL/ZB602K,
HWMHA,HUAWEI,Huawei,Mate 9,HWMHA
htc_hiaeuhl,htc,HTC,One A9,htc_hiaeuhl
m7,htc,HTC,One,m7
HWLDN-Q,HUAWEI,Huawei,Y7 (2018),
starlte,samsung,Samsung,Galaxy S9,starlte
kinzie,motorola,Motorola,Moto X Force,kinzie
hero2qltespr,samsung,Samsung,Galaxy S7 edge,hero2qltespr
H4133,Sony,Sony,Xperia XA2,
TSP,SHARP,Sharp,Z2,TSP
j3xnlte,samsung,Samsung,Galaxy J3 (2016),j3xnlte
tizen,Samsung,,,
hlteskt,samsung,Samsung,Galaxy Note 3,hlteskt
m7wlv,VERIZON,HTC,One,m7wlv
hct6750_c66_b_m,Blackview,,,
HWWAS-H,HUAWEI,Huawei,P10 Lite,
w5ds,lge,LGE,L70 Dual D325,w5ds
WP001,WIZPHONE,,,
MeizuS6,Meizu,Meizu,M6s,
HWCRO-L6737M,HUAWEI,Huawei,Y5 lite (2018),
Pixi4-4,TCL,alcatel,Pixi 4 (4),Pixi4-4
msm8916_64,ZTE,ZTE,Axon mini,msm8916_64
AD682J,Smartfren,,,
A328,Lenovo,Lenovo,A328,A328
lt01lte,samsung,Samsung,Galaxy Tab 3 8.0,lt01lte
t0ltektt,samsung,Samsung,Galaxy Note II N7100,t0ltektt
EVERCOSS_A7D,EVERCOSS A7D,,,
N5L,NUU,Nuu,NUU N5L,N5L
d3558,Dewav,,,
SCV33,KDDI,Samsung,Galaxy S7 edge,SCV33
C1505,Sony,Sony,Xperia E,C1505
j5lteub,samsung,Samsung,Galaxy J5,j5lteub
ASUS_X00HD_3,asus,Asus,Zenfone 4 Selfie Lite ZB553KL,
ASUS_T00P,asus,Asus,Zenfone 5 A500KL (2014),ASUS_T00P
ysl,xiaomi,Xiaomi,Redmi S2 (Redmi Y2),
elsa,KDDI,LGE,V20,elsa
F3113,Sony,Sony,Xperia XA,F3113
gt58lte,samsung,Samsung,Galaxy Tab A 8.0,gt58lte
kltevzw,Verizon,Samsung,Galaxy S5,kltevzw
Y100pro,DOOGEE,,,
mlv3,lge,LGE,Leon,
tbltevzw,Verizon,Samsung,Galaxy Note Edge,tbltevzw
F3115,Sony,Sony,Xperia XA,F3115
trltetmo,samsung,Samsung,Galaxy Note 4,trltetmo
V1,vivo,Vivo,V1,V1
P01Y,asus,Asus,Zenpad C 7.0,P01Y
marinelteatt,samsung,Samsung,Galaxy S6 active,marinelteatt
greatqltechn,samsung,Samsung,Galaxy Note8,greatqltechn
kltektt,samsung,Samsung,Galaxy S5,kltektt
Axioo AX6,Axioo,,,
vkworld,vkworld,,,
a831_324_ax_ys_s028_icherry,ICHERRY,,,
SO-03H,docomo,Sony,Xperia Z5 Premium,SO-03H
trlte,samsung,Samsung,Galaxy Note 4,trlte
SC-01G,samsung,Samsung,Galaxy Note Edge,SC-01G
CP3503I,Coolpad,Coolpad,Mega 3,CP3503I
htc_v02_dug,htc,HTC,Desire 526G+ dual sim ,htc_v02_dug
markw,xiaomi,Xiaomi,Redmi 4 Pro,markw
ASUS_Z00U,asus,Asus,Zenfone Selfie ZD551KL,
HWCLT,HUAWEI,Huawei,P20 Pro,
advan8321_9012,Advan,,,
gts210lte,samsung,Samsung,Galaxy Tab S2 9.7,gts210lte
NUU_M2,NUU,,,
htc_alpine_uhl,htc,htc,U Play,
dreameltemtr,samsung,Samsung,Galaxy S8,dreameltemtr
watson,motorola,Motorola,Moto C,
B6S pro,B6S pro,,,
HM-G552-FL,Haier,,,
Android,alps,,,
ks01lte,samsung,Samsung,I9506 Galaxy S4,ks01lte
A75,MITO,Micromax,A75,A75
honami,Sony,Sony,Xperia Z1,
X818_EE,Philips,,,
HWEML,HUAWEI,Huawei,P20,
F5121,Sony,Sony,Xperia X,F5121
OnePlus6,OnePlus,OnePlus,6,
ASUS_X00R_2,asus,Asus,ZenFone Live (L1) ZA550KL,
fortunalte,samsung,Samsung,Galaxy Grand Prime,fortunalte
PRO7Plus,Meizu,Meizu,Pro 7 Plus,
sirius,Sony,Sony,Xperia Z1 Compact,
g15v97_kw_u81_4m,UMIDIGI,,,
NEWAD688G,Smartfren,Smartfren,NEWAD688G,NEWAD688G
M20s,HIMAX,,,
G8441,Sony,Sony,Xperia XZ1 Compact,
S960_ROW,Lenovo,Lenovo,Vibe X S960,S960_ROW
1802,vivo,Vivo,Y83,
a6lte,samsung,Samsung,Galaxy A6 (2018),a6lte
EVERCOSS_A7A*,EVERCOSS A7A*,,,
"iPad4,4",Apple,Apple,iPad mini 2,"iPad4,4"
hexing72_cwet_kk,IMO S90,,,
ADVAN_7008,ADVAN,,,
SJ3,Sharp,Sharp,A2 Lite,
kmini3g,samsung,Samsung,Galaxy S5 mini,kmini3g
HM-G553-FL,Haier,,,
s3ve3gds,samsung,Samsung,I9300I Galaxy S3 Neo,s3ve3gds
ASUS_T00K,asus,Asus,Zenfone 5 Lite A502CG (2014),ASUS_T00K
Galaxy S8+,samsung,Samsung,Galaxy S8+,Galaxy S8+
PICOpad 7H,Axioo,,,
Infinix-X5010,Infinix,Infinix,Smart,
zeroltelgt,samsung,Samsung,Galaxy S6 edge,zeroltelgt
hero2ltelgt,samsung,Samsung,Galaxy S7 edge,hero2ltelgt
HWAUM-Q,HONOR,Honor,7C,
hct6735m_35gu_l1,O3,,,
SH-01G,DOCOMO,Sharp,AQUOS ZETA SH-01G,SH-01G
P188F10,ZTE,ZTE,Blade V10 Vita,P188F10
a6plte,samsung,Samsung,Galaxy A6+ (2018),a6plte
Kenzo,Xiaomi,Xiaomi,Redmi Note 3,
F8131,Sony,Sony,Xperia X Performance,F8131
j6lte,samsung,Samsung,Galaxy J6,j6lte
SO-01J,docomo,Sony,Xperia XZ,SO-01J
K019_4,asus,Asus,Fonepad 7 FE375CXG,K019_4
U50C,EVERCOSS,,,
a3lte,samsung,Samsung,Galaxy A3,a3lte
polaris,Xiaomi,Xiaomi,Mi Mix 2S,
dreamqltesq,samsung,Samsung,Galaxy S8,dreamqltesq
woods_f,motorola,Motorola,Moto E4,
G3416,Sony,Sony,Xperia XA1 Plus,
wayne,xiaomi,Xiaomi,Mi A2 (Mi 6X),
HWRIO,HUAWEI,Huawei,G8,HWRIO
c5proltechn,samsung,Samsung,Galaxy C5 Pro,c5proltechn
j4lte,samsung,Samsung,Galaxy J4,j4lte
ASUS_X00P_6,asus,Asus,Zenfone Max (M1) ZB556KL,
F02H,DOCOMO,Fujitsu,F-02H,F02H
1723CF,vivo,Vivo,V9 6GB,
POLYTRON,POLYTRON,,,
M24i,HIMAX,,,
X3,Letv,Lava,X3,X3
